t,X,Y,Z,V_X,V_Y,V_Z,roll,pitch,yaw,w_roll,w_pitch,w_yaw,a
0.0,0.0,0.0,0.0,0.0,0.0,0.0,0.0,0.0,0.0,0.0,0.0,0.0,0.0
0.0,0.0,0.0,0.0,0.0,0.0,0.0,0.0,0.0,0.0,0.0,0.0,0.0,0.0
0.0,0.0,0.0,0.0,0.0,0.0,0.0,0.0,0.0,0.0,0.0,0.0,0.0,0.0
0.0,0.0,0.0,0.0,0.0,0.0,0.0,0.0,0.0,0.0,0.0,0.0,0.0,0.0
0.0,0.0,0.0,0.0,0.0,0.0,0.0,0.0,0.0,0.0,0.0,0.0,0.0,0.0
0.0,0.0,0.0,0.0,0.0,0.0,0.0,0.0,0.0,0.0,0.0,0.0,0.0,0.0
0.0,0.0,0.0,0.0,0.0,0.0,0.0,0.0,0.0,0.0,0.0,0.0,0.0,0.0
0.0,0.0,0.0,0.0,0.0,0.0,0.0,0.0,0.0,0.0,0.0,0.0,0.0,0.0
0.0,0.0,0.0,0.0,0.0,0.0,0.0,0.0,0.0,0.0,0.0,0.0,0.0,0.0
0.0,0.0,0.0,0.0,0.0,0.0,0.0,0.0,0.0,0.0,0.0,0.0,0.0,0.0
0.0,0.0,0.0,0.0,0.0,0.0,0.0,0.0,0.0,0.0,0.0,0.0,0.0,0.0
0.0,0.0,0.0,0.0,0.0,0.0,0.0,0.0,0.0,0.0,0.0,0.0,0.0,0.0
0.0,0.0,0.0,0.0,0.0,0.0,0.0,0.0,0.0,0.0,0.0,0.0,0.0,0.0
0.0,0.0,0.0,0.0,0.0,0.0,0.0,0.0,0.0,0.0,0.0,0.0,0.0,0.0
0.0,0.0,0.0,0.0,0.0,0.0,0.0,0.0,0.0,0.0,0.0,0.0,0.0,0.0
0.0,0.0,0.0,0.0,0.0,0.0,0.0,0.0,0.0,0.0,0.0,0.0,0.0,0.0
0.0,0.0,0.0,0.0,0.0,0.0,0.0,0.0,0.0,0.0,0.0,0.0,0.0,0.0
0.0,0.0,0.0,0.0,0.0,0.0,0.0,0.0,0.0,0.0,0.0,0.0,0.0,0.0
0.0,0.0,0.0,0.0,0.0,0.0,0.0,0.0,0.0,0.0,0.0,0.0,0.0,0.0
0.0,0.0,0.0,0.0,0.0,0.0,0.0,0.0,0.0,0.0,0.0,0.0,0.0,0.0
0.0,0.0,0.0,0.0,0.0,0.0,0.0,0.0,0.0,0.0,0.0,0.0,0.0,0.0
0.0,0.0,0.0,0.0,0.0,0.0,0.0,0.0,0.0,0.0,0.0,0.0,0.0,0.0
0.0,0.0,0.0,0.0,0.0,0.0,0.0,0.0,0.0,0.0,0.0,0.0,0.0,0.0
0.0,0.0,0.0,0.0,0.0,0.0,0.0,0.0,0.0,0.0,0.0,0.0,0.0,0.0
0.0,0.0,0.0,0.0,0.0,0.0,0.0,0.0,0.0,0.0,0.0,0.0,0.0,0.0
0.0,0.0,0.0,0.0,0.0,0.0,0.0,0.0,0.0,0.0,0.0,0.0,0.0,0.0
0.0,0.0,0.0,0.0,0.0,0.0,0.0,0.0,0.0,0.0,0.0,0.0,0.0,0.0
0.0,0.0,0.0,0.0,0.0,0.0,0.0,0.0,0.0,0.0,0.0,0.0,0.0,0.0
0.0,0.0,0.0,0.0,0.0,0.0,0.0,0.0,0.0,0.0,0.0,0.0,0.0,0.0
0.0,0.0,0.0,0.0,0.0,0.0,0.0,0.0,0.0,0.0,0.0,0.0,0.0,0.0
0.0,0.0,0.0,0.0,0.0,0.0,0.0,0.0,0.0,0.0,0.0,0.0,0.0,0.0
0.0,0.0,0.0,0.0,0.0,0.0,0.0,0.0,0.0,0.0,0.0,0.0,0.0,0.0
0.0,0.0,0.0,0.0,0.0,0.0,0.0,0.0,0.0,0.0,0.0,0.0,0.0,0.0
0.0,0.0,0.0,0.0,0.0,0.0,0.0,0.0,0.0,0.0,0.0,0.0,0.0,0.0
0.0,0.0,0.0,0.0,0.0,0.0,0.0,0.0,0.0,0.0,0.0,0.0,0.0,0.0
0.0,0.0,0.0,0.0,0.0,0.0,0.0,0.0,0.0,0.0,0.0,0.0,0.0,0.0
0.0,0.0,0.0,0.0,0.0,0.0,0.0,0.0,0.0,0.0,0.0,0.0,0.0,0.0
0.0,0.0,0.0,0.0,0.0,0.0,0.0,0.0,0.0,0.0,0.0,0.0,0.0,0.0
0.0,0.0,0.0,0.0,0.0,0.0,0.0,0.0,0.0,0.0,0.0,0.0,0.0,0.0
0.0,0.0,0.0,0.0,0.0,0.0,0.0,0.0,0.0,0.0,0.0,0.0,0.0,0.0
0.0,0.0,0.0,0.0,0.0,0.0,0.0,0.0,0.0,0.0,0.0,0.0,0.0,0.0
0.0,0.0,0.0,0.0,0.0,0.0,0.0,0.0,0.0,0.0,0.0,0.0,0.0,0.0
0.0,0.0,0.0,0.0,0.0,0.0,0.0,0.0,0.0,0.0,0.0,0.0,0.0,0.0
0.0,0.0,0.0,0.0,0.0,0.0,0.0,0.0,0.0,0.0,0.0,0.0,0.0,0.0
0.0,0.0,0.0,0.0,0.0,0.0,0.0,0.0,0.0,0.0,0.0,0.0,0.0,0.0
0.0,0.0,0.0,0.0,0.0,0.0,0.0,0.0,0.0,0.0,0.0,0.0,0.0,0.0
0.0,0.0,0.0,0.0,0.0,0.0,0.0,0.0,0.0,0.0,0.0,0.0,0.0,0.0
0.0,0.0,0.0,0.0,0.0,0.0,0.0,0.0,0.0,0.0,0.0,0.0,0.0,0.0
0.0,0.0,0.0,0.0,0.0,0.0,0.0,0.0,0.0,0.0,0.0,0.0,0.0,0.0
0.0,0.0,0.0,0.0,0.0,0.0,0.0,0.0,0.0,0.0,0.0,0.0,0.0,0.0
0.02,0.0,0.0,0.0,0.0,0.0,0.0,0.0,0.0,0.0,0.0,0.0,0.0,0.0
0.04,0.0,0.0,0.0,0.0,0.0,0.0,0.0,0.0,0.0,0.0,0.0,0.0,0.0
0.06,0.0,0.0,0.0,0.0,0.0,0.0,0.0,0.0,0.0,0.0,0.0,0.0,0.0
0.08,0.0,0.0,0.0,0.0,0.0,0.0,0.0,0.0,0.0,0.0,0.0,0.0,0.0
0.1,0.0,0.0,0.0,0.0,0.0,0.0,0.0,0.0,0.0,0.0,0.0,0.0,0.0
0.12,0.0,0.0,0.0,0.0,0.0,0.0,0.0,0.0,0.0,0.0,0.0,0.0,0.0
0.14,0.0,0.0,0.0,0.0,0.0,0.0,0.0,0.0,0.0,0.0,0.0,0.0,0.0
0.16,0.0,0.0,0.0,0.0,0.0,0.0,0.0,0.0,0.0,0.0,0.0,0.0,0.0
0.18,0.0,0.0,0.0,0.0,0.0,0.0,0.0,0.0,0.0,0.0,0.0,0.0,0.0
0.2,0.0,0.0,0.0,0.0,0.0,0.0,0.0,0.0,0.0,0.0,0.0,0.0,0.0
0.22,0.0,0.0,0.0,0.0,0.0,0.0,0.0,0.0,0.0,0.0,0.0,0.0,0.0
0.24,0.0,0.0,0.0,0.0,0.0,0.0,0.0,0.0,0.0,0.0,0.0,0.0,0.0
0.26,0.0,0.0,0.0,0.0,0.0,0.0,0.0,0.0,0.0,0.0,0.0,0.0,0.0
0.28,0.0,0.0,0.0,0.0,0.0,0.0,0.0,0.0,0.0,0.0,0.0,0.0,0.0
0.3,0.0,0.0,0.0,0.0,0.0,0.0,0.0,0.0,0.0,0.0,0.0,0.0,0.0
0.32,0.0,0.0,0.0,0.0,0.0,0.0,0.0,0.0,0.0,0.0,0.0,0.0,0.0
0.34,0.0,0.0,0.0,0.0,0.0,0.0,0.0,0.0,0.0,0.0,0.0,0.0,0.0
0.36,0.0,0.0,0.0,0.0,0.0,0.0,0.0,0.0,0.0,0.0,0.0,0.0,0.0
0.38,0.0,0.0,0.0,0.0,0.0,0.0,0.0,0.0,0.0,0.0,0.0,0.0,0.0
0.4,0.0,0.0,0.0,0.0,0.0,0.0,0.0,0.0,0.0,0.0,0.0,0.0,0.0
0.42,0.0,0.0,0.0,0.0,0.0,0.0,0.0,0.0,0.0,0.0,0.0,0.0,0.0
0.44,0.0,0.0,0.0,0.0,0.0,0.0,0.0,0.0,0.0,0.0,0.0,0.0,0.0
0.46,0.0,0.0,0.0,0.0,0.0,0.0,0.0,0.0,0.0,0.0,0.0,0.0,0.0
0.48,0.0,0.0,0.0,0.0,0.0,0.0,0.0,0.0,0.0,0.0,0.0,0.0,0.0
0.5,0.0,0.0,0.0,0.0,0.0,0.0,0.0,0.0,0.0,0.0,0.0,0.0,0.0
0.52,0.0,0.0,0.0,0.0,0.0,0.0,0.0,0.0,0.0,0.0,0.0,0.0,0.0
0.54,0.0,0.0,0.0,0.0,0.0,0.0,0.0,0.0,0.0,0.0,0.0,0.0,0.0
0.56,0.0,0.0,0.0,0.0,0.0,0.0,0.0,0.0,0.0,0.0,0.0,0.0,0.0
0.58,0.0,0.0,0.0,0.0,0.0,0.0,0.0,0.0,0.0,0.0,0.0,0.0,0.0
0.6,0.0,0.0,0.0,0.0,0.0,0.0,0.0,0.0,0.0,0.0,0.0,0.0,0.0
0.62,0.0,0.0,0.0,0.0,0.0,0.0,0.0,0.0,0.0,0.0,0.0,0.0,0.0
0.64,0.0,0.0,0.0,0.0,0.0,0.0,0.0,0.0,0.0,0.0,0.0,0.0,0.0
0.66,0.0,0.0,0.0,0.0,0.0,0.0,0.0,0.0,0.0,0.0,0.0,0.0,0.0
0.68,0.0,0.0,0.0,0.0,0.0,0.0,0.0,0.0,0.0,0.0,0.0,0.0,0.0
0.7,0.0,0.0,0.0,0.0,0.0,0.0,0.0,0.0,0.0,0.0,0.0,0.0,0.0
0.72,0.0,0.0,0.0,0.0,0.0,0.0,0.0,0.0,0.0,0.0,0.0,0.0,0.0
0.74,0.0,0.0,0.0,0.0,0.0,0.0,0.0,0.0,0.0,0.0,0.0,0.0,0.0
0.76,0.0,0.0,0.0,0.0,0.0,0.0,0.0,0.0,0.0,0.0,0.0,0.0,0.0
0.78,0.0,0.0,0.0,0.0,0.0,0.0,0.0,0.0,0.0,0.0,0.0,0.0,0.0
0.8,0.0,0.0,0.0,0.0,0.0,0.0,0.0,0.0,0.0,0.0,0.0,0.0,0.0
0.82,0.0,0.0,0.0,0.0,0.0,0.0,0.0,0.0,0.0,0.0,0.0,0.0,0.0
0.84,0.0,0.0,0.0,0.0,0.0,0.0,0.0,0.0,0.0,0.0,0.0,0.0,0.0
0.86,0.0,0.0,0.0,0.0,0.0,0.0,0.0,0.0,0.0,0.0,0.0,0.0,0.0
0.88,0.0,0.0,0.0,0.0,0.0,0.0,0.0,0.0,0.0,0.0,0.0,0.0,0.0
0.9,0.0,0.0,0.0,0.0,0.0,0.0,0.0,0.0,0.0,0.0,0.0,0.0,0.0
0.92,0.0,0.0,0.0,0.0,0.0,0.0,0.0,0.0,0.0,0.0,0.0,0.0,0.0
0.94,0.0,0.0,0.0,0.0,0.0,0.0,0.0,0.0,0.0,0.0,0.0,0.0,0.0
0.96,0.0,0.0,0.0,0.0,0.0,0.0,0.0,0.0,0.0,0.0,0.0,0.0,0.0
0.98,0.0,0.0,0.0,0.0,0.0,0.0,0.0,0.0,0.0,0.0,0.0,0.0,0.0
1.0,0.0,0.0,0.0,0.0,0.0,0.0,0.0,0.0,0.0,0.0,0.0,0.0,0.0
1.02,0.0,0.0,0.0,0.0,0.0,0.0,0.0,0.0,0.0,0.0,0.0,0.0,0.0
1.04,0.0,0.0,0.0,0.0,0.0,0.0,0.0,0.0,0.0,0.0,0.0,0.0,0.0
1.06,0.0,0.0,0.0,0.0,0.0,0.0,0.0,0.0,0.0,0.0,0.0,0.0,0.0
1.08,0.0,0.0,0.0,0.0,0.0,0.0,0.0,0.0,0.0,0.0,0.0,0.0,0.0
1.1,0.0,0.0,0.0,0.0,0.0,0.0,0.0,0.0,0.0,0.0,0.0,0.0,0.0
1.12,0.0,0.0,0.0,0.0,0.0,0.0,0.0,0.012,0.0,0.0,0.6,0.0,0.0
1.14,0.0,0.0,0.0,0.0,0.0,0.0,0.0,0.036000000000000004,0.0,0.0,1.2,0.0,0.0
1.16,0.0,0.0,0.0,0.0,0.0,0.0,0.008,0.07600000000000001,0.0,0.4,2.0,0.0,0.0
1.18,0.0,0.0,0.0,0.0,0.0,0.0,0.016,0.12400000000000001,0.0,0.4,2.4,0.0,0.0
1.2,0.0,0.0,0.0,0.0,0.0,0.0,0.028,0.184,0.0,0.6,3.0,0.0,0.0
1.22,0.0,0.0,0.0,0.0,0.0,0.0,0.04,0.248,0.0,0.6,3.2,0.0,0.0
1.24,0.0,0.0,0.0,0.0,0.0,0.0,0.052000000000000005,0.324,0.0,0.6,3.8,0.0,0.0
1.26,0.0,0.0,0.0,0.0,0.0,0.0,0.068,0.41200000000000003,0.0,0.8,4.4,0.0,0.0
1.28,0.0,0.0,0.0,0.0,0.0,0.0,0.084,0.512,0.0,0.8,5.0,0.0,0.0
1.3,0.0,0.0,0.0,0.0,0.0,0.0,0.10400000000000001,0.62,0.0,1.0,5.4,0.0,0.0
1.32,0.0,0.0,0.0,0.0,0.0,0.0,0.12400000000000001,0.74,0.0,1.0,6.0,0.0,0.0
1.34,0.0,0.0,0.0,0.0,0.0,0.0,0.14400000000000002,0.868,0.0,1.0,6.4,0.0,0.0
1.36,0.0,0.0,0.0,0.0,0.0,0.0,0.168,1.004,0.0,1.2,6.8,0.0,0.0
1.38,0.0,0.0,0.0,0.0,0.0,0.0,0.192,1.1520000000000001,0.0,1.2,7.4,0.0,0.0
1.4,0.0,0.0,0.0,0.0,0.0,0.0,0.216,1.304,0.0,1.2,7.6,0.0,0.0
1.42,0.0,0.0,0.0,0.0,0.0,0.0,0.24,1.468,0.0,1.2,8.2,0.0,0.0
1.44,0.0,0.0,0.0,0.0,0.0,0.0,0.264,1.64,0.0,1.2,8.6,0.0,0.0
1.46,0.0,0.0,0.0,0.0,0.0,0.0,0.28800000000000003,1.8199999999999998,0.0,1.2,9.0,0.0,0.0
1.48,0.0,0.0,0.0,0.0,0.0,0.0,0.31200000000000006,2.008,0.0,1.2,9.4,0.0,0.0
1.5,0.0,0.0,0.0,0.0,0.0,0.0,0.3360000000000001,2.204,0.0,1.2,9.8,0.0,0.0
1.52,0.0,0.0,0.0,0.0,0.0,0.0,0.3520000000000001,2.4120000000000004,0.0,0.8,10.4,0.0,0.0
1.54,0.0,0.0,0.0,0.0,0.0,0.0,0.3640000000000001,2.6280000000000006,0.0,0.6,10.8,0.0,0.0
1.56,0.0,0.0,0.0,0.0,0.0,0.0,0.3720000000000001,2.8520000000000003,0.0,0.4,11.2,0.0,0.0
1.58,0.0,0.0,0.0,0.0,0.0,0.0,0.3800000000000001,3.0800000000000005,0.0,0.4,11.4,0.0,0.0
1.6,0.0,0.0,0.0,0.0,0.0,0.0,0.3840000000000001,3.3120000000000003,0.0,0.2,11.6,0.0,0.0
1.62,0.0,0.0,0.0,0.0,0.0,0.0,0.3840000000000001,3.5480000000000005,0.0,0.0,11.8,0.0,0.0
1.64,0.0,0.0,0.0,0.0,0.0,0.0,0.3840000000000001,3.7840000000000007,0.0,0.0,11.8,0.0,0.0
1.66,0.0,0.0,0.0,0.0,0.0,0.0,0.3840000000000001,4.0200000000000005,0.0,0.0,11.8,0.0,0.0
1.68,0.0,0.0,0.0,0.0,0.0,0.0,0.3840000000000001,4.256,0.0,0.0,11.8,0.0,0.0
1.7,0.0,0.0,0.0,0.0,0.0,0.0,0.3840000000000001,4.492,0.0,0.0,11.8,0.0,0.0
1.72,0.0,0.0,0.0,0.0,0.0,0.0,0.3840000000000001,4.728,0.0,0.0,11.8,0.0,0.0
1.74,0.0,0.0,0.0,0.0,0.0,0.0,0.3840000000000001,4.9639999999999995,0.0,0.0,11.8,0.0,0.0
1.76,0.0,0.0,0.0,0.0,0.0,0.0,0.3840000000000001,5.199999999999999,0.0,0.0,11.8,0.0,0.0
1.78,0.0,0.0,0.0,0.0,0.0,0.0,0.3840000000000001,5.435999999999999,0.0,0.0,11.8,0.0,0.0
1.8,0.0,0.0,0.0,0.0,0.0,0.0,0.3840000000000001,5.671999999999999,0.0,0.0,11.8,0.0,0.0
1.82,0.0,0.0,0.0,0.0,0.0,0.0,0.3840000000000001,5.907999999999999,0.0,0.0,11.8,0.0,0.0
1.84,0.0,0.0,0.0,0.0,0.0,0.0,0.3840000000000001,6.143999999999998,0.0,0.0,11.8,0.0,0.0
1.86,0.0,0.0,0.0,0.0,0.0,0.0,0.3840000000000001,6.379999999999998,0.0,0.0,11.8,0.0,0.0
1.88,0.0,0.0,0.0,0.0,0.0,0.0,0.3840000000000001,6.615999999999998,0.0,0.0,11.8,0.0,0.0
1.9,0.0,0.0,0.0,0.0,0.0,0.0,0.3840000000000001,6.851999999999998,0.0,0.0,11.8,0.0,0.0
1.92,0.0,0.0,0.0,0.0,0.0,0.0,0.3840000000000001,7.087999999999997,0.0,0.0,11.8,0.0,0.0
1.94,0.0,0.0,0.0,0.0,0.0,0.0,0.3840000000000001,7.323999999999997,0.0,0.0,11.8,0.0,0.0
1.96,0.0,0.0,0.0,0.0,0.0,0.0,0.3840000000000001,7.559999999999997,0.0,0.0,11.8,0.0,0.0
1.98,0.0,0.0,0.0,0.0,0.0,0.0,0.3840000000000001,7.795999999999997,0.0,0.0,11.8,0.0,0.0
2.0,0.0,0.0,0.0,0.0,0.0,0.0,0.3840000000000001,8.031999999999996,0.0,0.0,11.8,0.0,0.0
2.02,0.0,0.0,0.0,0.0,0.0,0.0,0.3840000000000001,8.267999999999997,0.0,0.0,11.8,0.0,0.0
2.04,0.0,0.0,0.0,0.0,0.0,0.0,0.3840000000000001,8.503999999999998,0.0,0.0,11.8,0.0,0.0
2.06,0.0,0.0,0.0,0.0,0.0,0.0,0.3840000000000001,8.739999999999998,0.0,0.0,11.8,0.0,0.0
2.08,0.0,0.0,0.0,0.0,0.0,0.0,0.3840000000000001,8.975999999999999,0.0,0.0,11.8,0.0,0.0
2.1,0.0,0.0,0.0,0.0,0.0,0.0,0.3840000000000001,9.212,0.0,0.0,11.8,0.0,0.0
2.12,0.0,0.0,0.0,0.0,0.0,0.0,0.3840000000000001,9.448,0.0,0.0,11.8,0.0,0.0
2.14,0.0,0.0,0.0,0.0,0.0,0.0,0.3840000000000001,9.448,0.0,0.0,0.0,0.0,0.0
2.16,0.0,0.0,0.0,0.0,0.0,0.0,0.3840000000000001,9.448,0.0,0.0,0.0,0.0,0.0
2.18,0.0,0.0,0.0,0.0,0.0,0.0,0.3840000000000001,9.448,0.0,0.0,0.0,0.0,0.0
2.2,0.0,0.0,0.0,0.0,0.0,0.0,0.3840000000000001,9.448,0.0,0.0,0.0,0.0,0.0
2.22,0.0,0.0,0.0,0.0,0.0,0.0,0.3840000000000001,9.448,0.0,0.0,0.0,0.0,0.0
2.24,0.0,0.0,0.0,0.0,0.0,0.0,0.3840000000000001,9.448,0.0,0.0,0.0,0.0,0.0
2.26,0.0,0.0,0.0,0.0,0.0,0.0,0.3840000000000001,9.448,0.0,0.0,0.0,0.0,0.0
2.28,0.0,0.0,0.0,0.0,0.0,0.0,0.3840000000000001,9.448,0.0,0.0,0.0,0.0,0.0
2.3,0.0,0.0,0.0,0.0,0.0,0.0,0.3840000000000001,9.448,0.0,0.0,0.0,0.0,0.0
2.32,0.0,0.0,0.0,0.0,0.0,0.0,0.3840000000000001,9.448,0.0,0.0,0.0,0.0,0.0
2.34,0.0,0.0,0.0,0.0,0.0,0.0,0.3840000000000001,9.448,0.0,0.0,0.0,0.0,0.0
2.36,0.0,0.0,0.0,0.0,0.0,0.0,0.3840000000000001,9.448,0.0,0.0,0.0,0.0,0.0
2.38,0.0,0.0,0.0,0.0,0.0,0.0,0.3840000000000001,9.448,0.0,0.0,0.0,0.0,0.0
2.4,0.0,0.0,0.0,0.0,0.0,0.0,0.3840000000000001,9.448,0.0,0.0,0.0,0.0,0.0
2.42,0.0,0.0,0.0,0.0,0.0,0.0,0.3840000000000001,9.448,0.0,0.0,0.0,0.0,0.0
2.44,0.0,0.0,0.0,0.0,0.0,0.0,0.3840000000000001,9.448,0.0,0.0,0.0,0.0,0.0
2.46,0.0,0.0,0.0,0.0,0.0,0.0,0.3840000000000001,9.448,0.0,0.0,0.0,0.0,0.0
2.48,0.0,0.0,0.0,0.0,0.0,0.0,0.3840000000000001,9.448,0.0,0.0,0.0,0.0,0.0
2.5,0.0,0.0,0.0,0.0,0.0,0.0,0.3840000000000001,9.448,0.0,0.0,0.0,0.0,0.0
2.52,0.0,0.0,0.0,0.0,0.0,0.0,0.3840000000000001,9.448,0.0,0.0,0.0,0.0,0.0
2.54,0.0,0.0,0.0,0.0,0.0,0.0,0.3840000000000001,9.448,0.0,0.0,0.0,0.0,0.0
2.56,0.0,0.0,0.0,0.0,0.0,0.0,0.3840000000000001,9.448,0.0,0.0,0.0,0.0,0.0
2.58,0.0,0.0,0.0,0.0,0.0,0.0,0.3840000000000001,9.448,0.0,0.0,0.0,0.0,0.0
2.6,0.0,0.0,0.0,0.0,0.0,0.0,0.3840000000000001,9.448,0.0,0.0,0.0,0.0,0.0
2.62,0.0,0.0,0.0,0.0,0.0,0.0,0.3840000000000001,9.448,0.0,0.0,0.0,0.0,0.0
2.64,8.768311002467994e-05,-9.779127105328841e-08,0.0,0.004384155501233997,-4.889563552664421e-06,0.0,0.3840000000000001,9.448,0.0,0.0,0.0,0.0,0.2222222222222222
2.66,0.0003507324400987197,-3.9116508421315365e-07,0.0,0.01315246650370199,-1.4668690657993262e-05,0.0,0.3840000000000001,9.448,0.0,0.0,0.0,0.0,0.4444444444444444
2.68,0.0008987518777529693,-1.0023605282962063e-06,0.0,0.02740097188271248,-3.055977220415263e-05,0.0,0.3840000000000001,9.448,0.0,0.0,0.0,0.0,0.7222222222222222
2.7,0.0017975037555059386,-2.004721056592413e-06,0.0,0.044937593887648467,-5.011802641481032e-05,0.0,0.3840000000000001,9.448,0.0,0.0,0.0,0.0,0.8888888888888888
2.72,0.003134671183382308,-3.4960379401550613e-06,0.0,0.06685837139381845,-7.456584417813243e-05,0.0,0.3840000000000001,9.448,0.0,0.0,0.0,0.0,1.1111111111111112
2.74,0.005019858048912926,-5.598550267800763e-06,0.0,0.09425934327653093,-0.00010512561638228506,0.0,0.3840000000000001,9.448,0.0,0.0,0.0,0.0,1.3888888888888888
2.76,0.007518826684616304,-8.385601492819484e-06,0.0,0.12494843178516891,-0.000139352561250936,0.0,0.3840000000000001,9.448,0.0,0.0,0.0,0.0,1.5555555555555556
2.78,0.010653497867998612,-1.1881639432974545e-05,0.0,0.1567335591691154,-0.00017480189700775308,0.0,0.3840000000000001,9.448,0.0,0.0,0.0,0.0,1.6111111111111112
2.8,0.01446771315407219,-1.613555972379259e-05,0.0,0.1907107643036789,-0.00021269601454090235,0.0,0.3840000000000001,9.448,0.0,0.0,0.0,0.0,1.7222222222222223
2.82,0.018983393320343205,-2.1171810183036946e-05,0.0,0.22578400831355086,-0.0002518125229622177,0.0,0.3840000000000001,9.448,0.0,0.0,0.0,0.0,1.7777777777777777
2.84,0.02422245914431783,-2.701483862847093e-05,0.0,0.26195329119873134,-0.0002921514222716992,0.0,0.3840000000000001,9.448,0.0,0.0,0.0,0.0,1.8333333333333333
2.86,0.030228752181008407,-3.371354069562119e-05,0.0,0.3003146518345288,-0.00033493510335751294,0.0,0.3840000000000001,9.448,0.0,0.0,0.0,0.0,1.9444444444444444
2.88,0.03704611398542727,-4.131681202001437e-05,0.0,0.34086809022094333,-0.0003801635662196588,0.0,0.3840000000000001,9.448,0.0,0.0,0.0,0.0,2.0555555555555554
2.9,0.04471838611258677,-4.987354823717711e-05,0.0,0.38361360635797476,-0.0004278368108581369,0.0,0.3840000000000001,9.448,0.0,0.0,0.0,0.0,2.1666666666666665
2.92,0.05326748933999307,-5.940819716487273e-05,0.0,0.42745516137031475,-0.00047673244638478114,0.0,0.3840000000000001,9.448,0.0,0.0,0.0,0.0,2.2222222222222223
2.94,0.06271534444515234,-6.994520662086456e-05,0.0,0.47239275525796326,-0.0005268504727995915,0.0,0.3840000000000001,9.448,0.0,0.0,0.0,0.0,2.2777777777777777
2.96,0.07314963453808926,-8.158236787620589e-05,0.0,0.5217145046468457,-0.0005818580627670662,0.0,0.3840000000000001,9.448,0.0,0.0,0.0,0.0,2.5
2.98,0.08472380506134701,-9.449081565523996e-05,0.0,0.5787085261628877,-0.0006454223889517037,0.0,0.3840000000000001,9.448,0.0,0.0,0.0,0.0,2.888888888888889
3.0,0.09750361834744412,-0.00010874389341125676,0.0,0.6389906643048552,-0.0007126538878008395,0.0,0.3840000000000001,9.448,0.0,0.0,0.0,0.0,3.0555555555555554
3.02,0.11155483672889907,-0.00012441494459754622,0.0,0.7025609190727481,-0.0007835525593144736,0.0,0.3840000000000001,9.448,0.0,0.0,0.0,0.0,3.2222222222222223
3.04,0.12692130176072422,-0.00014155286484963503,0.0,0.768323251591258,-0.0008568960126044398,0.0,0.3840000000000001,9.448,0.0,0.0,0.0,0.0,3.3333333333333335
3.06,0.1436687757754381,-0.0001602309976208131,0.0,0.8373737007356935,-0.0009339066385589046,0.0,0.3840000000000001,9.448,0.0,0.0,0.0,0.0,3.5
3.08,0.16181917955054687,-0.00018047379072884382,0.0,0.9075201887554375,-0.0010121396554015354,0.0,0.3840000000000001,9.448,0.0,0.0,0.0,0.0,3.5555555555555554
3.1,0.18139443386355666,-0.00020230569199149046,0.0,0.9787627156504899,-0.0010915950631323322,0.0,0.3840000000000001,9.448,0.0,0.0,0.0,0.0,3.611111111111111
3.12,0.2023945387144675,-0.00022572670140875303,0.0,1.0500052425455424,-0.001171050470863129,0.0,0.3840000000000001,9.448,0.0,0.0,0.0,0.0,3.611111111111111
3.14,0.22484141488078557,-0.00025076126679839485,0.0,1.1223438083159032,-0.0012517282694820917,0.0,0.3840000000000001,9.448,0.0,0.0,0.0,0.0,3.6666666666666665
3.16,0.24880082469502937,-0.00027748273161370593,0.0,1.1979704907121895,-0.001336073240765553,0.0,0.3840000000000001,9.448,0.0,0.0,0.0,0.0,3.8333333333333335
3.18,0.2743166097122112,-0.0003059399914902129,0.0,1.2757892508590931,-0.0014228629938253467,0.0,0.3840000000000001,9.448,0.0,0.0,0.0,0.0,3.9444444444444446
3.2,0.3014326114873435,-0.0003361819420634423,0.0,1.3558000887566137,-0.0015120975286614725,0.0,0.3840000000000001,9.448,0.0,0.0,0.0,0.0,4.055555555555555
3.22,0.33017075079793234,-0.0003682330311511576,0.0,1.4369069655294426,-0.0016025544543857642,0.0,0.3840000000000001,9.448,0.0,0.0,0.0,0.0,4.111111111111111
3.24,0.36055294842148394,-0.00040211770657112204,0.0,1.5191098811775798,-0.001694233770998222,0.0,0.3840000000000001,9.448,0.0,0.0,0.0,0.0,4.166666666666667
3.26,0.3926011251355045,-0.000437860416141099,0.0,1.602408835701026,-0.001787135478498846,0.0,0.3840000000000001,9.448,0.0,0.0,0.0,0.0,4.222222222222222
3.28,0.4263372017175001,-0.00047548560767885173,0.0,1.6868038290997804,-0.0018812595768876363,0.0,0.3840000000000001,9.448,0.0,0.0,0.0,0.0,4.277777777777778
3.3,0.46180501972248317,-0.0005150421768199069,0.0,1.773390900249152,-0.0019778284570527585,0.0,0.3840000000000001,9.448,0.0,0.0,0.0,0.0,4.388888888888889
3.32,0.49907034148297214,-0.0005566034670175544,0.0,1.8632660880244487,-0.002078064509882379,0.0,0.3840000000000001,9.448,0.0,0.0,0.0,0.0,4.555555555555555
3.34,0.5381770085539794,-0.000600218373907321,0.0,1.9553333535503628,-0.002180745344488332,0.0,0.3840000000000001,9.448,0.0,0.0,0.0,0.0,4.666666666666667
3.36,0.5791688624905174,-0.0006459357931247334,0.0,2.0495926968268936,-0.002285870960870617,0.0,0.3840000000000001,9.448,0.0,0.0,0.0,0.0,4.777777777777778
3.38,0.6220459032925858,-0.0006937557246697914,0.0,2.1438520401034245,-0.002390996577252902,0.0,0.3840000000000001,9.448,0.0,0.0,0.0,0.0,4.777777777777778
3.4,0.6668081309601849,-0.0007436781685424952,0.0,2.2381113833799553,-0.002496122193635187,0.0,0.3840000000000001,9.448,0.0,0.0,0.0,0.0,4.777777777777778
3.42,0.7134555454933146,-0.0007957031247428446,0.0,2.332370726656486,-0.0026012478100174716,0.0,0.3840000000000001,9.448,0.0,0.0,0.0,0.0,4.777777777777778
3.44,0.7619881468919749,-0.0008498305932708397,0.0,2.4266300699330166,-0.0027063734263997564,0.0,0.3840000000000001,9.448,0.0,0.0,0.0,0.0,4.777777777777778
3.46,0.8124278559336721,-0.0009060850219442438,0.0,2.521985452084856,-0.0028127214336702076,0.0,0.3840000000000001,9.448,0.0,0.0,0.0,0.0,4.833333333333333
3.48,0.864774672618406,-0.000964466410763057,0.0,2.6173408342366957,-0.002919069440940659,0.0,0.3840000000000001,9.448,0.0,0.0,0.0,0.0,4.833333333333333
3.5,0.9190285969461767,-0.0010249747597272792,0.0,2.712696216388535,-0.00302541744821111,0.0,0.3840000000000001,9.448,0.0,0.0,0.0,0.0,4.833333333333333
3.52,0.9752334704719965,-0.001087658964472437,0.0,2.8102436762909915,-0.003134210237257893,0.0,0.3840000000000001,9.448,0.0,0.0,0.0,0.0,4.944444444444445
3.54,1.0334331347508778,-0.0011525679206340572,0.0,2.9099832139440647,-0.0032454478080810086,0.0,0.3840000000000001,9.448,0.0,0.0,0.0,0.0,5.055555555555555
3.56,1.0936714313378328,-0.0012197505238476663,0.0,3.0119148293477553,-0.003359130160680457,0.0,0.3840000000000001,9.448,0.0,0.0,0.0,0.0,5.166666666666667
3.58,1.155970281010368,-0.0012892312219310276,0.0,3.114942483626754,-0.0034740349041680707,0.0,0.3840000000000001,9.448,0.0,0.0,0.0,0.0,5.222222222222222
3.6,1.2203516045459892,-0.0013610344627019047,0.0,3.2190661767810616,-0.0035901620385438504,0.0,0.3840000000000001,9.448,0.0,0.0,0.0,0.0,5.277777777777778
3.62,1.2868373227222027,-0.0014351846939780607,0.0,3.324285908810677,-0.0037075115638077966,0.0,0.3840000000000001,9.448,0.0,0.0,0.0,0.0,5.333333333333333
3.64,1.3554274355390086,-0.0015116819157594955,0.0,3.429505640840293,-0.0038248610890717423,0.0,0.3840000000000001,9.448,0.0,0.0,0.0,0.0,5.333333333333333
3.66,1.426143863773913,-0.0015905505758639726,0.0,3.5358214117452174,-0.003943433005223855,0.0,0.3840000000000001,9.448,0.0,0.0,0.0,0.0,5.388888888888889
3.68,1.499008528204422,-0.0016718151221092553,0.0,3.6432332215254504,-0.004063227312264133,0.0,0.3840000000000001,9.448,0.0,0.0,0.0,0.0,5.444444444444445
3.7,1.5740214288305359,-0.0017554755544953436,0.0,3.7506450313056834,-0.004183021619304412,0.0,0.3840000000000001,9.448,0.0,0.0,0.0,0.0,5.444444444444445
3.72,1.6511825656522543,-0.0018415318730222374,0.0,3.8580568410859164,-0.00430281592634469,0.0,0.3840000000000001,9.448,0.0,0.0,0.0,0.0,5.444444444444445
3.74,1.7304919386695774,-0.0019299840776899368,0.0,3.9654686508661494,-0.004422610233384968,0.0,0.3840000000000001,9.448,0.0,0.0,0.0,0.0,5.444444444444445
3.76,1.811949547882505,-0.0020208321684984415,0.0,4.072880460646383,-0.004542404540425247,0.0,0.3840000000000001,9.448,0.0,0.0,0.0,0.0,5.444444444444445
3.78,1.8955553932910372,-0.002114076145447752,0.0,4.180292270426616,-0.004662198847465525,0.0,0.3840000000000001,9.448,0.0,0.0,0.0,0.0,5.444444444444445
3.8,1.981309474895174,-0.002209716008537868,0.0,4.287704080206849,-0.004781993154505804,0.0,0.3840000000000001,9.448,0.0,0.0,0.0,0.0,5.444444444444445
3.82,2.0692117926949156,-0.0023077517577687894,0.0,4.395115889987082,-0.004901787461546082,0.0,0.3840000000000001,9.448,0.0,0.0,0.0,0.0,5.444444444444445
3.84,2.159262346690262,-0.0024081833931405166,0.0,4.502527699767315,-0.005021581768586361,0.0,0.3840000000000001,9.448,0.0,0.0,0.0,0.0,5.444444444444445
3.86,2.251461136881213,-0.002511010914653049,0.0,4.609939509547548,-0.005141376075626639,0.0,0.3840000000000001,9.448,0.0,0.0,0.0,0.0,5.444444444444445
3.88,2.3458081632677685,-0.0026162343223063876,0.0,4.717351319327781,-0.005261170382666918,0.0,0.3840000000000001,9.448,0.0,0.0,0.0,0.0,5.444444444444445
3.9,2.442303425849929,-0.0027238536161005313,0.0,4.824763129108014,-0.005380964689707196,0.0,0.3840000000000001,9.448,0.0,0.0,0.0,0.0,5.444444444444445
3.92,2.540946924627694,-0.002833868796035481,0.0,4.932174938888247,-0.005500758996747475,0.0,0.3840000000000001,9.448,0.0,0.0,0.0,0.0,5.444444444444445
3.94,2.6417386596010637,-0.0029462798621112357,0.0,5.03958674866848,-0.005620553303787753,0.0,0.3840000000000001,9.448,0.0,0.0,0.0,0.0,5.444444444444445
3.96,2.744678630770038,-0.0030610868143277964,0.0,5.146998558448713,-0.005740347610828032,0.0,0.3840000000000001,9.448,0.0,0.0,0.0,0.0,5.444444444444445
3.98,2.849766838134617,-0.0031782896526851624,0.0,5.254410368228946,-0.00586014191786831,0.0,0.3840000000000001,9.448,0.0,0.0,0.0,0.0,5.444444444444445
4.0,2.9570032816948006,-0.003297888377183334,0.0,5.361822178009179,-0.005979936224908588,0.0,0.3840000000000001,9.448,0.0,0.0,0.0,0.0,5.444444444444445
4.02,3.066387961450589,-0.0034198829878223113,0.0,5.469233987789413,-0.006099730531948867,0.0,0.3840000000000001,9.448,0.0,0.0,0.0,0.0,5.444444444444445
4.04,3.177920877401982,-0.0035442734846020943,0.0,5.576645797569646,-0.006219524838989145,0.0,0.3840000000000001,9.448,0.0,0.0,0.0,0.0,5.444444444444445
4.06,3.2916020295489794,-0.0036710598675226826,0.0,5.684057607349879,-0.006339319146029424,0.0,0.3840000000000001,9.448,0.0,0.0,0.0,0.0,5.444444444444445
4.08,3.4074314178915817,-0.0038002421365840766,0.0,5.791469417130112,-0.006459113453069702,0.0,0.3840000000000001,9.448,0.0,0.0,0.0,0.0,5.444444444444445
4.1,3.5254090424297884,-0.0039318202917862765,0.0,5.898881226910345,-0.006578907760109981,0.0,0.3840000000000001,9.448,0.0,0.0,0.0,0.0,5.444444444444445
4.12,3.6455349031636,-0.004065794333129281,0.0,6.006293036690578,-0.006698702067150259,0.0,0.3840000000000001,9.448,0.0,0.0,0.0,0.0,5.444444444444445
4.14,3.767809000093016,-0.004202164260613092,0.0,6.113704846470811,-0.006818496374190538,0.0,0.3840000000000001,9.448,0.0,0.0,0.0,0.0,5.444444444444445
4.16,3.892231333218037,-0.004340930074237709,0.0,6.221116656251044,-0.006938290681230816,0.0,0.3840000000000001,9.448,0.0,0.0,0.0,0.0,5.444444444444445
4.18,4.018801902538662,-0.00448209177400313,0.0,6.328528466031277,-0.007058084988271095,0.0,0.3840000000000001,9.448,0.0,0.0,0.0,0.0,5.444444444444445
4.2,4.147520708054892,-0.004625649359909357,0.0,6.43594027581151,-0.007177879295311373,0.0,0.3840000000000001,9.448,0.0,0.0,0.0,0.0,5.444444444444445
4.22,4.278387749766727,-0.004771602831956391,0.0,6.543352085591743,-0.007297673602351652,0.0,0.3840000000000001,9.448,0.0,0.0,0.0,0.0,5.444444444444445
4.24,4.411403027674167,-0.004919952190144229,0.0,6.650763895371976,-0.00741746790939193,0.0,0.3840000000000001,9.448,0.0,0.0,0.0,0.0,5.444444444444445
4.26,4.546566541777211,-0.005070697434472873,0.0,6.758175705152209,-0.007537262216432209,0.0,0.3840000000000001,9.448,0.0,0.0,0.0,0.0,5.444444444444445
4.28,4.6838782920758595,-0.005223838564942323,0.0,6.865587514932442,-0.007657056523472487,0.0,0.3840000000000001,9.448,0.0,0.0,0.0,0.0,5.444444444444445
4.3,4.823338278570113,-0.005379375581552578,0.0,6.972999324712675,-0.007776850830512765,0.0,0.3840000000000001,9.448,0.0,0.0,0.0,0.0,5.444444444444445
4.32,4.964946501259972,-0.005537308484303639,0.0,7.080411134492908,-0.007896645137553044,0.0,0.3840000000000001,9.448,0.0,0.0,0.0,0.0,5.444444444444445
4.34,5.108702960145434,-0.0056976372731955055,0.0,7.187822944273141,-0.008016439444593322,0.0,0.3840000000000001,9.448,0.0,0.0,0.0,0.0,5.444444444444445
4.36,5.2546076552265015,-0.005860361948228177,0.0,7.295234754053374,-0.0081362337516336,0.0,0.3840000000000001,9.448,0.0,0.0,0.0,0.0,5.444444444444445
4.38,5.402660586503174,-0.006025482509401655,0.0,7.402646563833608,-0.00825602805867388,0.0,0.3840000000000001,9.448,0.0,0.0,0.0,0.0,5.444444444444445
4.4,5.552861753975451,-0.006192998956715938,0.0,7.510058373613841,-0.008375822365714158,0.0,0.3840000000000001,9.448,0.0,0.0,0.0,0.0,5.444444444444445
4.42,5.705211157643332,-0.006362911290171027,0.0,7.617470183394074,-0.008495616672754436,0.0,0.3840000000000001,9.448,0.0,0.0,0.0,0.0,5.444444444444445
4.44,5.859708797506818,-0.006535219509766921,0.0,7.724881993174307,-0.008615410979794715,0.0,0.3840000000000001,9.448,0.0,0.0,0.0,0.0,5.444444444444445
4.46,6.0163546735659095,-0.006709923615503621,0.0,7.83229380295454,-0.008735205286834994,0.0,0.3840000000000001,9.448,0.0,0.0,0.0,0.0,5.444444444444445
4.48,6.175148785820605,-0.006887023607381126,0.0,7.939705612734772,-0.00885499959387527,0.0,0.3840000000000001,9.448,0.0,0.0,0.0,0.0,5.444444444444445
4.5,6.336091134270905,-0.007066519485399437,0.0,8.047117422515004,-0.008974793900915549,0.0,0.3840000000000001,9.448,0.0,0.0,0.0,0.0,5.444444444444445
4.52,6.49918171891681,-0.007248411249558553,0.0,8.154529232295236,-0.009094588207955827,0.0,0.3840000000000001,9.448,0.0,0.0,0.0,0.0,5.444444444444445
4.54,6.664420539758319,-0.007432698899858476,0.0,8.261941042075469,-0.009214382514996103,0.0,0.3840000000000001,9.448,0.0,0.0,0.0,0.0,5.444444444444445
4.56,6.831807596795433,-0.007619382436299203,0.0,8.369352851855702,-0.009334176822036381,0.0,0.3840000000000001,9.448,0.0,0.0,0.0,0.0,5.444444444444445
4.58,7.001342890028152,-0.0078084618588807365,0.0,8.476764661635933,-0.00945397112907666,0.0,0.3840000000000001,9.448,0.0,0.0,0.0,0.0,5.444444444444445
4.6,7.173026419456475,-0.007999937167603076,0.0,8.584176471416166,-0.009573765436116936,0.0,0.3840000000000001,9.448,0.0,0.0,0.0,0.0,5.444444444444445
4.62,7.346858185080403,-0.00819380836246622,0.0,8.691588281196397,-0.009693559743157214,0.0,0.3840000000000001,9.448,0.0,0.0,0.0,0.0,5.444444444444445
4.64,7.522838186899936,-0.00839007544347017,0.0,8.79900009097663,-0.009813354050197492,0.0,0.3840000000000001,9.448,0.0,0.0,0.0,0.0,5.444444444444445
4.66,7.700966424915073,-0.008588738410614926,0.0,8.906411900756861,-0.009933148357237768,0.0,0.3840000000000001,9.448,0.0,0.0,0.0,0.0,5.444444444444445
4.68,7.881242899125815,-0.008789797263900487,0.0,9.013823710537094,-0.010052942664278046,0.0,0.3840000000000001,9.448,0.0,0.0,0.0,0.0,5.444444444444445
4.7,8.063667609532162,-0.008993252003326853,0.0,9.121235520317326,-0.010172736971318324,0.0,0.3840000000000001,9.448,0.0,0.0,0.0,0.0,5.444444444444445
4.72,8.248240556134114,-0.009199102628894024,0.0,9.228647330097559,-0.0102925312783586,0.0,0.3840000000000001,9.448,0.0,0.0,0.0,0.0,5.444444444444445
4.74,8.43496173893167,-0.009407349140602001,0.0,9.33605913987779,-0.010412325585398879,0.0,0.3840000000000001,9.448,0.0,0.0,0.0,0.0,5.444444444444445
4.76,8.62383115792483,-0.009617991538450785,0.0,9.443470949658023,-0.010532119892439157,0.0,0.3840000000000001,9.448,0.0,0.0,0.0,0.0,5.444444444444445
4.78,8.814848813113596,-0.009831029822440374,0.0,9.550882759438254,-0.010651914199479433,0.0,0.3840000000000001,9.448,0.0,0.0,0.0,0.0,5.444444444444445
4.8,9.008014704497965,-0.010046463992570769,0.0,9.658294569218487,-0.010771708506519711,0.0,0.3840000000000001,9.448,0.0,0.0,0.0,0.0,5.444444444444445
4.82,9.20332883207794,-0.010264294048841969,0.0,9.76570637899872,-0.01089150281355999,0.0,0.3840000000000001,9.448,0.0,0.0,0.0,0.0,5.444444444444445
4.84,9.400791195853518,-0.010484519991253974,0.0,9.873118188778951,-0.011011297120600266,0.0,0.3840000000000001,9.448,0.0,0.0,0.0,0.0,5.444444444444445
4.86,9.600401795824702,-0.010707141819806785,0.0,9.980529998559184,-0.011131091427640544,0.0,0.3840000000000001,9.448,0.0,0.0,0.0,0.0,5.444444444444445
4.88,9.802160631991491,-0.0109321595345004,0.0,10.087941808339416,-0.011250885734680822,0.0,0.3840000000000001,9.448,0.0,0.0,0.0,0.0,5.444444444444445
4.9,10.006067704353883,-0.011159573135334822,0.0,10.195353618119649,-0.011370680041721098,0.0,0.3840000000000001,9.448,0.0,0.0,0.0,0.0,5.444444444444445
4.92,10.212123012911881,-0.011389382622310049,0.0,10.30276542789988,-0.011490474348761376,0.0,0.3840000000000001,9.448,0.0,0.0,0.0,0.0,5.444444444444445
4.94,10.420326557665483,-0.011621587995426083,0.0,10.410177237680113,-0.011610268655801654,0.0,0.3840000000000001,9.448,0.0,0.0,0.0,0.0,5.444444444444445
4.96,10.63067833861469,-0.011856189254682922,0.0,10.517589047460344,-0.01173006296284193,0.0,0.3840000000000001,9.448,0.0,0.0,0.0,0.0,5.444444444444445
4.98,10.843178355759502,-0.012093186400080566,0.0,10.625000857240577,-0.011849857269882209,0.0,0.3840000000000001,9.448,0.0,0.0,0.0,0.0,5.444444444444445
5.0,11.057826609099918,-0.012332579431619016,0.0,10.732412667020808,-0.011969651576922487,0.0,0.3840000000000001,9.448,0.0,0.0,0.0,0.0,5.444444444444445
5.02,11.274623098635939,-0.012574368349298272,0.0,10.839824476801041,-0.012089445883962763,0.0,0.3840000000000001,9.448,0.0,0.0,0.0,0.0,5.444444444444445
5.04,11.493567824367563,-0.012818553153118332,0.0,10.947236286581273,-0.012209240191003041,0.0,0.3840000000000001,9.448,0.0,0.0,0.0,0.0,5.444444444444445
5.06,11.714660786294793,-0.013065133843079198,0.0,11.054648096361506,-0.01232903449804332,0.0,0.3840000000000001,9.448,0.0,0.0,0.0,0.0,5.444444444444445
5.08,11.937901984417628,-0.01331411041918087,0.0,11.162059906141737,-0.012448828805083596,0.0,0.3840000000000001,9.448,0.0,0.0,0.0,0.0,5.444444444444445
5.1,12.163291418736067,-0.013565482881423346,0.0,11.26947171592197,-0.012568623112123874,0.0,0.3840000000000001,9.448,0.0,0.0,0.0,0.0,5.444444444444445
5.12,12.390829089250111,-0.01381925122980663,0.0,11.376883525702203,-0.012688417419164152,0.0,0.3840000000000001,9.448,0.0,0.0,0.0,0.0,5.444444444444445
5.14,12.620514995959761,-0.014075415464330719,0.0,11.484295335482434,-0.012808211726204428,0.0,0.3840000000000001,9.448,0.0,0.0,0.0,0.0,5.444444444444445
5.16,12.852346444945297,-0.014334084056976878,0.0,11.591572449276821,-0.012933429632307961,0.0,0.3840000000000001,9.452,0.0,0.0,0.2,0.0,5.444444444444445
5.18,13.086312493646876,-0.014595696907353068,0.0,11.698302435078931,-0.0130806425188095,0.0,0.3840000000000001,9.472,0.0,0.0,1.0,0.0,5.444444444444445
5.2,13.322401830436448,-0.014860705898842738,0.0,11.804466839478609,-0.013250449574483509,0.0,0.3840000000000001,9.508,0.0,0.0,1.8,0.0,5.444444444444445
5.22,13.560597112582744,-0.015124191734648237,0.0,11.90976410731486,-0.013174291790274963,0.0,0.3760000000000001,9.568,0.0,-0.4,3.0,0.0,5.444444444444445
5.24,13.800871660186283,-0.015378413433739344,0.0,12.013727380176933,-0.01271108495455536,0.0,0.3560000000000001,9.664,0.0,-1.0,4.8,0.0,5.444444444444445
5.26,14.0431827134379,-0.015612560421084162,0.0,12.115552662580873,-0.011707349367240915,0.0,0.32000000000000006,9.815999999999999,0.0,-1.8,7.6,0.0,5.444444444444445
5.28,14.287490534869038,-0.01582643477640627,0.0,12.215391071556828,-0.010693717766105396,0.0,0.28400000000000003,10.015999999999998,0.0,-1.8,10.0,0.0,5.444444444444445
5.3,14.533770888916077,-0.016019006962153786,0.0,12.314017702351956,-0.0096286092873758,0.0,0.24800000000000003,10.239999999999998,0.0,-1.8,11.2,0.0,5.444444444444445
5.32,14.781997757486943,-0.016192242862007603,0.0,12.411343428543255,-0.008661794992690925,0.0,0.21600000000000003,10.487999999999998,0.0,-1.6,12.4,0.0,5.444444444444445
5.34,15.03212988350923,-0.016361744724570023,0.0,12.506606301114289,-0.00847509312812103,0.0,0.20400000000000001,10.775999999999998,0.0,-0.6,14.4,0.0,5.444444444444445
5.36,15.284125839622437,-0.016555030363891367,0.0,12.5997978056604,-0.009664281966067225,0.0,0.224,11.099999999999998,0.0,1.0,16.2,0.0,5.444444444444445
5.38,15.537947727963537,-0.016799131783479866,0.0,12.691094417055028,-0.01220507097942494,0.0,0.272,11.451999999999998,0.0,2.4,17.6,0.0,5.444444444444445
5.4,15.793554517687035,-0.017128105293039004,0.0,12.78033948617486,-0.0164486754779569,0.0,0.35200000000000004,11.831999999999999,0.0,4.0,19.0,0.0,5.444444444444445
5.42,16.05091737046136,-0.017579636159321003,0.0,12.868142638716245,-0.022576543314099987,0.0,0.464,12.223999999999998,0.0,5.6,19.6,0.0,5.444444444444445
5.44,16.310005778550615,-0.01817937781138898,0.0,12.954420404462722,-0.02998708260339879,0.0,0.5920000000000001,12.627999999999998,0.0,6.4,20.2,0.0,5.444444444444445
5.46,16.57079593168392,-0.018946555035357252,0.0,13.039507656665428,-0.03835886119841355,0.0,0.7280000000000001,13.035999999999998,0.0,6.8,20.4,0.0,5.444444444444445
5.48,16.833267609879183,-0.019918934038190176,0.0,13.123583909763108,-0.0486189501416462,0.0,0.8880000000000001,13.443999999999997,0.0,8.0,20.4,0.0,5.444444444444445
5.5,17.097400292900293,-0.02112837526064379,0.0,13.2066341510555,-0.06047206112268061,0.0,1.064,13.851999999999997,0.0,8.8,20.4,0.0,5.444444444444445
5.52,17.363177876692138,-0.022608572381112014,0.0,13.28887918959231,-0.07400985602341124,0.0,1.256,14.255999999999997,0.0,9.6,20.2,0.0,5.444444444444445
5.54,17.630608862428613,-0.024402652084095564,0.0,13.371549286823749,-0.08970398514917745,0.0,1.472,14.635999999999997,0.0,10.8,19.0,0.0,5.444444444444445
5.56,17.899694332614384,-0.026571813116519283,0.0,13.454273509288589,-0.10845805162118596,0.0,1.724,14.999999999999998,0.0,12.6,18.2,0.0,5.444444444444445
5.58,18.170462949976766,-0.029187809997657625,0.0,13.538430868119027,-0.13079984405691716,0.0,2.02,15.327999999999998,0.0,14.8,16.4,0.0,5.444444444444445
5.6,18.442925885271116,-0.03232263522996516,0.0,13.623146764717513,-0.1567412616153768,0.0,2.356,15.635999999999997,0.0,16.8,15.4,0.0,5.444444444444445
5.62,18.717090814728063,-0.03604111381116216,0.0,13.708246472847339,-0.18592392905984984,0.0,2.7239999999999998,15.927999999999997,0.0,18.4,14.6,0.0,5.444444444444445
5.64,18.992978115619422,-0.040419233461959414,0.0,13.794365044567991,-0.21890598253986282,0.0,3.1319999999999997,16.195999999999998,0.0,20.4,13.4,0.0,5.444444444444445
5.66,19.270598968019634,-0.045508502314569876,0.0,13.881042620010511,-0.25446344263052323,0.0,3.5599999999999996,16.447999999999997,0.0,21.4,12.6,0.0,5.444444444444445
5.68,19.54998934054932,-0.05136700872120923,0.0,13.969518626484241,-0.29292532033196755,0.0,4.016,16.667999999999996,0.0,22.8,11.0,0.0,5.444444444444445
5.7,19.831187944995786,-0.058045703347155,0.0,14.059930222323368,-0.3339347312972888,0.0,4.496,16.855999999999995,0.0,24.0,9.4,0.0,5.444444444444445
5.72,20.114242066455457,-0.0655676959882444,0.0,14.152706072983586,-0.3760996320544698,0.0,4.984,17.007999999999996,0.0,24.4,7.6,0.0,5.444444444444445
5.74,20.399262776350124,-0.07392694351840504,0.0,14.251035494733337,-0.41796237650803153,0.0,5.476,17.083999999999996,0.0,24.6,3.8,0.0,5.444444444444445
5.76,20.686383643679143,-0.08309490243477084,0.0,14.356043366450898,-0.4583979458182903,0.0,5.968,17.071999999999996,0.0,24.6,-0.6,0.0,5.444444444444445
5.78,20.97574090052717,-0.09298782506712619,0.0,14.467862842401406,-0.4946461316177676,0.0,6.432,16.971999999999994,0.0,23.2,-5.0,0.0,5.444444444444445
5.8,21.26743448840573,-0.10350613553260277,0.0,14.584679393927956,-0.5259155232738288,0.0,6.856000000000001,16.807999999999993,0.0,21.2,-8.2,0.0,5.444444444444445
5.82,21.56156362476614,-0.11453032951111668,0.0,14.706456818020454,-0.5512096989256954,0.0,7.232000000000001,16.57999999999999,0.0,18.8,-11.4,0.0,5.444444444444445
5.84,21.8581710854374,-0.12597121411113077,0.0,14.83037303356297,-0.5720442300007053,0.0,7.568000000000001,16.32399999999999,0.0,16.8,-12.8,0.0,5.444444444444445
5.86,22.15728046367318,-0.13776427105986638,0.0,14.955468911789,-0.5896528474367807,0.0,7.876000000000001,16.051999999999992,0.0,15.4,-13.6,0.0,5.444444444444445
5.88,22.458902633800456,-0.14983259474734234,0.0,15.081108506363737,-0.6034161843737983,0.0,8.144000000000002,15.771999999999993,0.0,13.4,-14.0,0.0,5.444444444444445
5.9,22.763047945266322,-0.1620477812316763,0.0,15.207265573293316,-0.610759324216698,0.0,8.336000000000002,15.483999999999993,0.0,9.6,-14.4,0.0,5.444444444444445
5.92,23.069714558337658,-0.1742792613812721,0.0,15.333330653566774,-0.6115740074797893,0.0,8.444000000000003,15.195999999999993,0.0,5.4,-14.4,0.0,5.444444444444445
5.94,23.378883216816206,-0.1863760141747668,0.0,15.458432923927434,-0.604837639674735,0.0,8.444000000000003,14.919999999999993,0.0,0.0,-13.8,0.0,5.444444444444445
5.96,23.690523701937586,-0.19823811661074117,0.0,15.582024256068948,-0.5931051217987189,0.0,8.364000000000003,14.663999999999993,0.0,-4.0,-12.8,0.0,5.444444444444445
5.98,24.00461781081897,-0.20980741482068205,0.0,15.704705444069221,-0.5784649104970435,0.0,8.236000000000002,14.419999999999993,0.0,-6.4,-12.2,0.0,5.444444444444445
6.0,24.321130945944734,-0.22104792734979545,0.0,15.825656756288145,-0.5620256264556706,0.0,8.068000000000003,14.199999999999992,0.0,-8.4,-11.0,0.0,5.444444444444445
6.02,24.640040358164878,-0.2319458273634532,0.0,15.945470611007153,-0.5448950006828874,0.0,7.8800000000000034,13.995999999999992,0.0,-9.4,-10.2,0.0,5.444444444444445
6.04,24.961312689040412,-0.2424825030124418,0.0,16.06361654377663,-0.5268337824494298,0.0,7.664000000000003,13.815999999999992,0.0,-10.8,-9.0,0.0,5.444444444444445
6.06,25.284904136155046,-0.2526339847253827,0.0,16.179572355731665,-0.5075740856470418,0.0,7.4120000000000035,13.667999999999992,0.0,-12.6,-7.4,0.0,5.444444444444445
6.08,25.61075492307319,-0.26239447281196393,0.0,16.292539345907308,-0.4880244043290622,0.0,7.132000000000003,13.563999999999993,0.0,-14.0,-5.2,0.0,5.444444444444445
6.1,25.938783413834773,-0.2717662474660492,0.0,16.401424538079112,-0.4685887327042642,0.0,6.824000000000003,13.519999999999992,0.0,-15.4,-2.2,0.0,5.444444444444445
6.12,26.268912699449242,-0.28078252040432444,0.0,16.506464280723474,-0.4508136469137626,0.0,6.516000000000004,13.531999999999993,0.0,-15.4,0.6,0.0,5.444444444444445
6.14,26.60108659869566,-0.2894620291121083,0.0,16.608694962320833,-0.4339754353891913,0.0,6.208000000000004,13.583999999999993,0.0,-15.4,2.6,0.0,5.444444444444445
6.16,26.93526991833748,-0.2978106319061541,0.0,16.709165982090948,-0.41743013970228954,0.0,5.900000000000004,13.659999999999993,0.0,-15.4,3.8,0.0,5.444444444444445
6.18,27.271414756539848,-0.3058367045825424,0.0,16.807241910118375,-0.4013036338194173,0.0,5.592000000000004,13.767999999999994,0.0,-15.4,5.4,0.0,5.444444444444445
6.2,27.609447875348593,-0.3135778236885575,0.0,16.901655940437273,-0.38705595530075526,0.0,5.300000000000004,13.923999999999994,0.0,-14.6,7.8,0.0,5.444444444444445
6.22,27.949298343930597,-0.3210786028756316,0.0,16.99252342910019,-0.37503895935370346,0.0,5.0320000000000045,14.123999999999993,0.0,-13.4,10.0,0.0,5.444444444444445
6.24,28.290915636754196,-0.3283805055193286,0.0,17.080864641179918,-0.36509513218485024,0.0,4.792000000000004,14.351999999999993,0.0,-12.0,11.4,0.0,5.444444444444445
6.26,28.63424011185419,-0.33554634251590265,0.0,17.166223754999695,-0.35829184982870216,0.0,4.592000000000004,14.611999999999993,0.0,-10.0,13.0,0.0,5.444444444444445
6.28,28.9792213045065,-0.3426376875692167,0.0,17.249059632615463,-0.35456725266570316,0.0,4.432000000000004,14.895999999999994,0.0,-8.0,14.2,0.0,5.444444444444445
6.3,29.325812339698977,-0.3497178534104251,0.0,17.32955175962383,-0.35400829206041945,0.0,4.312000000000004,15.199999999999994,0.0,-6.0,15.2,0.0,5.444444444444445
6.32,29.673977164647834,-0.3568508495766029,0.0,17.408241247442746,-0.3566498083088911,0.0,4.232000000000004,15.515999999999995,0.0,-4.0,15.8,0.0,5.444444444444445
6.34,30.023664123985434,-0.36410915828722434,0.0,17.48434796687991,-0.3629154355310731,0.0,4.192000000000004,15.851999999999995,0.0,-2.0,16.8,0.0,5.444444444444445
6.36,30.37481860625418,-0.371620333293066,0.0,17.557724113437292,-0.37555875029208285,0.0,4.220000000000003,16.207999999999995,0.0,1.4,17.8,0.0,5.444444444444445
6.38,30.72740485443274,-0.37948001688232075,0.0,17.62931240892813,-0.39298417946273834,0.0,4.296000000000003,16.571999999999996,0.0,3.8,18.2,0.0,5.444444444444445
6.4,31.081393219371037,-0.3877893787525106,0.0,17.699418246914806,-0.41546809350949265,0.0,4.420000000000003,16.939999999999994,0.0,6.2,18.4,0.0,5.444444444444445
6.42,31.436753215296072,-0.3966494058045376,0.0,17.767999796251715,-0.44300135260134843,0.0,4.588000000000003,17.311999999999994,0.0,8.4,18.6,0.0,5.444444444444445
6.44,31.793461447296277,-0.4061344694510328,0.0,17.835411600010303,-0.4742531823247592,0.0,4.7840000000000025,17.683999999999994,0.0,9.8,18.6,0.0,5.444444444444445
6.46,32.15147798799284,-0.416344034442208,0.0,17.90082703482807,-0.510478249558761,0.0,5.016000000000003,18.063999999999993,0.0,11.6,19.0,0.0,5.444444444444445
6.48,32.51077813222407,-0.4273711316873986,0.0,17.96500721156123,-0.5513548622595277,0.0,5.280000000000003,18.443999999999992,0.0,13.2,19.0,0.0,5.444444444444445
6.5,32.871336936423,-0.43927991514553255,0.0,18.02794020994642,-0.5954391729066971,0.0,5.560000000000003,18.82399999999999,0.0,14.0,19.0,0.0,5.444444444444445
6.52,33.233155605271925,-0.45215583882535254,0.0,18.09093344244642,-0.6437961839909981,0.0,5.868000000000003,19.19199999999999,0.0,15.4,18.4,0.0,5.444444444444445
6.54,33.596237024758814,-0.4660787154612005,0.0,18.154070974344386,-0.6961438317923987,0.0,6.200000000000003,19.54799999999999,0.0,16.6,17.8,0.0,5.444444444444445
6.56,33.96062254323882,-0.48113751870376903,0.0,18.219275924000204,-0.7529401621284272,0.0,6.564000000000003,19.87599999999999,0.0,18.2,16.4,0.0,5.444444444444445
6.58,34.326385599709226,-0.497431787147946,0.0,18.28815282352027,-0.8147134222088482,0.0,6.968000000000003,20.16399999999999,0.0,20.2,14.4,0.0,5.444444444444445
6.6,34.69364304574812,-0.5150569796536305,0.0,18.36287230194467,-0.8812596252842249,0.0,7.416000000000002,20.39599999999999,0.0,22.4,11.6,0.0,5.444444444444445
6.62,35.06255685089445,-0.5340809468467851,0.0,18.44569025731657,-0.951198359657728,0.0,7.904000000000002,20.55599999999999,0.0,24.4,8.0,0.0,5.444444444444445
6.64,35.43332492870539,-0.5545511099733327,0.0,18.538403890546903,-1.0235081563273776,0.0,8.432000000000002,20.63199999999999,0.0,26.4,3.8,0.0,5.444444444444445
6.66,35.80609189570454,-0.5764577196412614,0.0,18.638348349957557,-1.0953304833964328,0.0,8.972000000000001,20.64799999999999,0.0,27.0,0.8,0.0,5.444444444444445
6.68,36.18093617630048,-0.5997806491655523,0.0,18.7422140297968,-1.1661464762145488,0.0,9.512,20.63199999999999,0.0,27.0,-0.8,0.0,5.444444444444445
6.7,36.5579471883665,-0.6244886154029494,0.0,18.850550603300977,-1.2353983118698582,0.0,10.052,20.57999999999999,0.0,27.0,-2.6,0.0,5.444444444444445
6.72,36.9371953503244,-0.6505038966369094,0.0,18.962408097895267,-1.3007640616980023,0.0,10.572,20.499999999999993,0.0,26.0,-4.0,0.0,5.444444444444445
6.74,37.31848337616111,-0.676659106386837,0.0,19.064401291835647,-1.307760487496378,0.0,10.572,20.499999999999993,0.0,0.0,0.0,0.0,5.444444444444445
6.76,37.701811265876636,-0.702954244652732,0.0,19.166394485776028,-1.3147569132947534,0.0,10.572,20.499999999999993,0.0,0.0,0.0,0.0,5.444444444444445
6.78,38.087179019470966,-0.7293893114345946,0.0,19.268387679716408,-1.321753339093129,0.0,10.572,20.499999999999993,0.0,0.0,0.0,0.0,5.444444444444445
6.8,38.4745866369441,-0.7559643067324248,0.0,19.37038087365679,-1.3287497648915048,0.0,10.572,20.499999999999993,0.0,0.0,0.0,0.0,5.444444444444445
6.82,38.86403411829605,-0.7826792305462223,0.0,19.47237406759717,-1.3357461906898804,0.0,10.572,20.499999999999993,0.0,0.0,0.0,0.0,5.444444444444445
6.84,39.2555214635268,-0.8095340828759875,0.0,19.57436726153755,-1.342742616488256,0.0,10.572,20.499999999999993,0.0,0.0,0.0,0.0,5.444444444444445
6.86,39.649048672636354,-0.8365288637217201,0.0,19.67636045547793,-1.3497390422866316,0.0,10.572,20.499999999999993,0.0,0.0,0.0,0.0,5.444444444444445
6.88,40.04461574562472,-0.8636635730834202,0.0,19.77835364941831,-1.3567354680850072,0.0,10.572,20.499999999999993,0.0,0.0,0.0,0.0,5.444444444444445
6.9,40.442222682491895,-0.8909382109610879,0.0,19.88034684335869,-1.363731893883383,0.0,10.572,20.499999999999993,0.0,0.0,0.0,0.0,5.444444444444445
6.92,40.84186948323788,-0.9183527773547231,0.0,19.98234003729907,-1.3707283196817586,0.0,10.572,20.499999999999993,0.0,0.0,0.0,0.0,5.444444444444445
6.94,41.24355614786267,-0.9459072722643258,0.0,20.08433323123945,-1.377724745480134,0.0,10.572,20.499999999999993,0.0,0.0,0.0,0.0,5.444444444444445
6.96,41.64728267636627,-0.973601695689896,0.0,20.186326425179832,-1.3847211712785097,0.0,10.572,20.499999999999993,0.0,0.0,0.0,0.0,5.444444444444445
6.98,42.05304906874867,-1.0014360476314337,0.0,20.288319619120212,-1.3917175970768854,0.0,10.572,20.499999999999993,0.0,0.0,0.0,0.0,5.444444444444445
7.0,42.46085532500988,-1.0294103280889388,0.0,20.390312813060593,-1.398714022875261,0.0,10.572,20.499999999999993,0.0,0.0,0.0,0.0,5.444444444444445
7.02,42.8707014451499,-1.0575245370624116,0.0,20.492306007000973,-1.4057104486736367,0.0,10.572,20.499999999999993,0.0,0.0,0.0,0.0,5.444444444444445
7.04,43.28258742916872,-1.0857786745518518,0.0,20.594299200941354,-1.4127068744720122,0.0,10.572,20.499999999999993,0.0,0.0,0.0,0.0,5.444444444444445
7.06,43.69651327706636,-1.1141727405572597,0.0,20.696292394881734,-1.4197033002703878,0.0,10.572,20.499999999999993,0.0,0.0,0.0,0.0,5.444444444444445
7.08,44.1124789888428,-1.1427067350786348,0.0,20.798285588822115,-1.4266997260687635,0.0,10.572,20.499999999999993,0.0,0.0,0.0,0.0,5.444444444444445
7.1,44.53048456449805,-1.1713806581159776,0.0,20.900278782762495,-1.4336961518671392,0.0,10.572,20.499999999999993,0.0,0.0,0.0,0.0,5.444444444444445
7.12,44.95053000403211,-1.2001945096692879,0.0,21.002271976702875,-1.4406925776655146,0.0,10.572,20.499999999999993,0.0,0.0,0.0,0.0,5.444444444444445
7.14,45.372615307444974,-1.2291482897385657,0.0,21.104265170643256,-1.4476890034638903,0.0,10.572,20.499999999999993,0.0,0.0,0.0,0.0,5.444444444444445
7.16,45.79674047359142,-1.2582092879254232,0.0,21.206258307322287,-1.4530499093428715,0.0,10.572,20.499999999999993,-0.004210526315789474,0.0,0.0,-0.21052631578947367,5.444444444444445
7.18,46.22290548315365,-1.287300497094844,0.0,21.308250478111724,-1.4545604584710454,0.0,10.572,20.499999999999993,-0.018245614035087718,0.0,0.0,-0.7017543859649122,5.444444444444445
7.2,46.651110270158455,-1.3163548139927135,0.0,21.4102393502401,-1.452715844893472,0.0,10.572,20.499999999999993,-0.040701754385964906,0.0,0.0,-1.1228070175438596,5.444444444444445
7.22,47.08135462428089,-1.345248877832096,0.0,21.51221770612176,-1.4447031919691262,0.0,10.572,20.499999999999993,-0.07859649122807016,0.0,0.0,-1.894736842105263,5.444444444444445
7.24,47.513638101099176,-1.373857581634333,0.0,21.614173840914212,-1.4304351901118542,0.0,10.572,20.499999999999993,-0.1319298245614035,0.0,0.0,-2.6666666666666665,5.444444444444445
7.26,47.94795999714462,-1.4020764023054237,0.0,21.716094802272433,-1.4109410335545352,0.0,10.572,20.499999999999993,-0.19789473684210526,0.0,0.0,-3.2982456140350878,5.444444444444445
7.28,48.3843195215024,-1.4298554864005633,0.0,21.817976217888795,-1.3889542047569712,0.0,10.572,20.499999999999993,-0.2694736842105263,0.0,0.0,-3.5789473684210527,5.444444444444445
7.3,48.82271584079205,-1.457166890545213,0.0,21.9198159644825,-1.365570207232492,0.0,10.572,20.499999999999993,-0.34385964912280703,0.0,0.0,-3.719298245614035,5.444444444444445
7.32,49.26314778720807,-1.4839483673403995,0.0,22.021597320800954,-1.3390738397593234,0.0,10.572,20.499999999999993,-0.42526315789473684,0.0,0.0,-4.0701754385964914,5.444444444444445
7.34,49.70561345693525,-1.5100799606186377,0.0,22.123283486358762,-1.3065796639119083,0.0,10.572,20.499999999999993,-0.5207017543859649,0.0,0.0,-4.771929824561403,5.444444444444445
7.36,50.15011049589192,-1.5354515443561088,0.0,22.224851947833834,-1.2685791868735534,0.0,10.572,20.499999999999993,-0.6287719298245613,0.0,0.0,-5.4035087719298245,5.444444444444445
7.38,50.59663581811361,-1.5599400564307042,0.0,22.32626611108441,-1.2244256037297676,0.0,10.572,20.499999999999993,-0.750877192982456,0.0,0.0,-6.105263157894737,5.444444444444445
7.4,51.045185763924366,-1.5834323673955135,0.0,22.42749729053756,-1.1746155482404628,0.0,10.572,20.499999999999993,-0.8856140350877192,0.0,0.0,-6.7368421052631575,5.444444444444445
7.42,51.49575632189251,-1.6058370916421387,0.0,22.528527898407066,-1.1202362123312652,0.0,10.572,20.499999999999993,-1.0301754385964912,0.0,0.0,-7.228070175438597,5.444444444444445
7.44,51.948341921507115,-1.627015113611361,0.0,22.629279980730328,-1.0589010984611134,0.0,10.572,20.499999999999993,-1.190175438596491,0.0,0.0,-8.0,5.444444444444445
7.46,52.40293482915449,-1.646778724439217,0.0,22.729645382368535,-0.9881805413927927,0.0,10.572,20.499999999999993,-1.3712280701754385,0.0,0.0,-9.052631578947368,5.444444444444445
7.48,52.85952715241231,-1.6649965894199954,0.0,22.829616162891192,-0.9108932490389193,0.0,10.572,20.499999999999993,-1.566315789473684,0.0,0.0,-9.75438596491228,5.444444444444445
7.5,53.31811148738799,-1.6815948327605486,0.0,22.929216748783755,-0.8299121670276609,0.0,10.572,20.499999999999993,-1.768421052631579,0.0,0.0,-10.105263157894736,5.444444444444445
7.52,53.77868168402264,-1.6965581216989676,0.0,23.02850983173258,-0.7481644469209563,0.0,10.572,20.499999999999993,-1.9705263157894737,0.0,0.0,-10.105263157894736,5.444444444444445
7.54,54.241231516813066,-1.7098711420740222,0.0,23.127491639521377,-0.665651018752734,0.0,10.572,20.499999999999993,-2.1726315789473682,0.0,0.0,-10.105263157894736,5.444444444444445
7.56,54.70575468489536,-1.7215185987039388,0.0,23.226158404114774,-0.5823728314958235,0.0,10.572,20.499999999999993,-2.374736842105263,0.0,0.0,-10.105263157894736,5.444444444444445
7.58,55.172244812130096,-1.731485215764961,0.0,23.32450636173674,-0.4983308530511114,0.0,10.572,20.499999999999993,-2.5768421052631574,0.0,0.0,-10.105263157894736,5.444444444444445
7.6,55.640695447189074,-1.739755737169688,0.0,23.422531752948988,-0.41352607023634896,0.0,10.572,20.499999999999993,-2.778947368421052,0.0,0.0,-10.105263157894736,5.444444444444445
7.62,56.11110006364366,-1.74631492694518,0.0,23.520230822729285,-0.3279594887746064,0.0,10.572,20.499999999999993,-2.9810526315789465,0.0,0.0,-10.105263157894736,5.444444444444445
7.64,56.583452060054654,-1.7511475696108276,0.0,23.61759982054976,-0.24163213328237515,0.0,10.572,20.499999999999993,-3.183157894736841,0.0,0.0,-10.105263157894736,5.444444444444445
7.66,57.057744760063756,-1.754238470555974,0.0,23.714635000455047,-0.15454504725731544,0.0,10.572,20.499999999999993,-3.3852631578947356,0.0,0.0,-10.105263157894736,5.444444444444445
7.68,57.533971412486565,-1.755572456417287,0.0,23.811332621140497,-0.06669929306565621,0.0,10.572,20.499999999999993,-3.58736842105263,0.0,0.0,-10.105263157894736,5.444444444444445
7.7,58.01212519140717,-1.7551343754558717,0.0,23.907688946030202,0.021904048070761115,0.0,10.572,20.499999999999993,-3.7894736842105248,0.0,0.0,-10.105263157894736,5.444444444444445
7.72,58.49221473548605,-1.7531446614328337,0.0,24.004477203944003,0.09948570115190171,0.0,10.572,20.499999999999993,-3.964912280701753,0.0,0.0,-8.771929824561404,5.444444444444445
7.74,58.974267794267085,-1.7500757634175037,0.0,24.102652939051634,0.15344490076649941,0.0,10.572,20.499999999999993,-4.085614035087718,0.0,0.0,-6.035087719298246,5.444444444444445
7.76,59.45832570978447,-1.7465563059395321,0.0,24.20289577586901,0.17597287389857583,0.0,10.572,20.499999999999993,-4.134736842105262,0.0,0.0,-2.456140350877193,5.444444444444445
7.78,59.944428488272436,-1.7431727224609677,0.0,24.305138924398573,0.16917917392822732,0.0,10.572,20.499999999999993,-4.117894736842104,0.0,0.0,0.8421052631578947,5.444444444444445
7.8,60.43259921557161,-1.7402666951736365,0.0,24.408536364958614,0.14530136436655589,0.0,10.572,20.499999999999993,-4.063157894736841,0.0,0.0,2.736842105263158,5.444444444444445
7.82,60.92284360567789,-1.7379309515033052,0.0,24.512219505314143,0.11678718351656645,0.0,10.572,20.499999999999993,-3.9985964912280694,0.0,0.0,3.2280701754385963,5.444444444444445
7.84,61.41516135669199,-1.7361703292289927,0.0,24.61588755070487,0.08803111371562511,0.0,10.572,20.499999999999993,-3.9340350877192973,0.0,0.0,3.2280701754385963,5.444444444444445
7.86,61.909552158914444,-1.734989665421038,0.0,24.719540111122793,0.059033190397744746,0.0,10.572,20.499999999999993,-3.8694736842105253,0.0,0.0,3.2280701754385963,5.444444444444445
7.88,62.406015694845635,-1.7343937964288187,0.0,24.823176796559533,0.029793449610961673,0.0,10.572,20.499999999999993,-3.8049122807017532,0.0,0.0,3.2280701754385963,5.444444444444445
7.9,62.90455243739156,-1.7344004290307444,0.0,24.926837127296185,-0.00033163009628398157,0.0,10.572,20.499999999999993,-3.7389473684210515,0.0,0.0,3.2982456140350878,5.444444444444445
7.92,63.40516596426496,-1.73507912171354,0.0,25.03067634367016,-0.03393463413977367,0.0,10.572,20.499999999999993,-3.6659649122807005,0.0,0.0,3.6491228070175437,5.444444444444445
7.94,63.907861200528885,-1.7365261724260903,0.0,25.134761813196075,-0.07235253562751547,0.0,10.572,20.499999999999993,-3.583157894736841,0.0,0.0,4.140350877192983,5.444444444444445
7.96,64.41264651902829,-1.7389041237471778,0.0,25.239265924970184,-0.11889756605438029,0.0,10.572,20.499999999999993,-3.4835087719298232,0.0,0.0,4.982456140350878,5.444444444444445
7.98,64.91954126111746,-1.7425867015057421,0.0,25.34473710445883,-0.18412888792821366,0.0,10.572,20.499999999999993,-3.3445614035087705,0.0,0.0,6.947368421052632,5.444444444444445
8.0,65.4285686516601,-1.74807022130927,0.0,25.451369527132336,-0.2741759901763902,0.0,10.572,20.499999999999993,-3.1536842105263143,0.0,0.0,9.543859649122806,5.444444444444445
8.02,65.93973861314541,-1.7556721758800735,0.0,25.55849807426522,-0.38009772854017515,0.0,10.572,20.499999999999993,-2.9305263157894723,0.0,0.0,11.157894736842104,5.444444444444445
8.04,66.45305367761024,-1.7656209493855413,0.0,25.665753223241907,-0.49743867527338986,0.0,10.572,20.499999999999993,-2.684912280701753,0.0,0.0,12.280701754385966,5.444444444444445
8.06,66.96850845311822,-1.7780144781727814,0.0,25.772738775398995,-0.6196764393620096,0.0,10.572,20.499999999999993,-2.4308771929824546,0.0,0.0,12.701754385964913,5.444444444444445
8.08,67.48609501841892,-1.792911555203668,0.0,25.879328265035067,-0.7448538515443405,0.0,10.572,20.499999999999993,-2.172631578947367,0.0,0.0,12.912280701754385,5.444444444444445
8.1,68.00580567947986,-1.8103981593351997,0.0,25.985533053047263,-0.8743302065765751,0.0,10.572,20.499999999999993,-1.90736842105263,0.0,0.0,13.263157894736842,5.444444444444445
8.12,68.52763102330367,-1.8305340911531558,0.0,26.091267191190322,-1.0067965908978074,0.0,10.572,20.499999999999993,-1.6378947368421037,0.0,0.0,13.473684210526315,5.444444444444445
8.14,69.0515612793183,-1.8533930327311015,0.0,26.196512800732094,-1.142947078897286,0.0,10.572,20.499999999999993,-1.362807017543858,0.0,0.0,13.75438596491228,5.444444444444445
8.16,69.57758556860635,-1.8790356594910265,0.0,26.301214464402438,-1.282131337996256,0.0,10.572,20.499999999999993,-1.0835087719298229,0.0,0.0,13.964912280701755,5.444444444444445
8.18,70.10569231097098,-1.9075230226566913,0.0,26.40533711823119,-1.4243681582832435,0.0,10.572,20.499999999999993,-0.7999999999999983,0.0,0.0,14.175438596491228,5.444444444444445
8.2,70.63586909148307,-1.9389029037263663,0.0,26.50883902560433,-1.568994053483754,0.0,10.572,20.499999999999993,-0.5136842105263141,0.0,0.0,14.31578947368421,5.444444444444445
8.22,71.16810295645166,-1.9732232990643335,0.0,26.61169324842935,-1.716019766898354,0.0,10.572,20.499999999999993,-0.22456140350877019,0.0,0.0,14.456140350877194,5.444444444444445
8.24,71.70238043401307,-2.0105049457074045,0.0,26.713873878070277,-1.8640823321535507,0.0,10.572,20.499999999999993,0.06456140350877371,0.0,0.0,14.456140350877194,5.444444444444445
8.26,72.23868789638222,-2.0507684983146066,0.0,26.815373118457323,-2.0131776303601017,0.0,10.572,20.499999999999993,0.3536842105263176,0.0,0.0,14.456140350877194,5.444444444444445
8.28,72.77701156020024,-2.094034528091128,0.0,26.916183190900842,-2.163301488826068,0.0,10.572,20.499999999999993,0.6428070175438615,0.0,0.0,14.456140350877194,5.444444444444445
8.3,73.31733748688866,-2.140323521714581,0.0,27.016296334421572,-2.314449681172645,0.0,10.572,20.499999999999993,0.9319298245614054,0.0,0.0,14.456140350877194,5.444444444444445
8.32,73.85965158301028,-2.189655880263622,0.0,27.11570480608062,-2.466617927452061,0.0,10.572,20.499999999999993,1.2210526315789494,0.0,0.0,14.456140350877194,5.444444444444445
8.34,74.40393960063645,-2.242051918148973,0.0,27.21440088130881,-2.6198018942675394,0.0,10.572,20.499999999999993,1.5101754385964932,0.0,0.0,14.456140350877194,5.444444444444445
8.36,74.95018713772116,-2.2975318620468794,0.0,27.312376854235627,-2.7739971948953204,0.0,10.572,20.499999999999993,1.799298245614037,0.0,0.0,14.456140350877194,5.444444444444445
8.38,75.49837963848151,-2.3561158498350543,0.0,27.409625038017666,-2.9291993894087405,0.0,10.572,20.499999999999993,2.0884210526315807,0.0,0.0,14.456140350877194,5.444444444444445
8.4,76.04861064819968,-2.4149176880748966,0.0,27.511550485908906,-2.940091911992108,0.0,10.572,20.499999999999993,2.0884210526315807,0.0,0.0,0.0,5.444444444444445
8.42,76.60088016687568,-2.473937376766406,0.0,27.613475933800146,-2.9509844345754748,0.0,10.572,20.499999999999993,2.0884210526315807,0.0,0.0,0.0,5.444444444444445
8.44,77.1551881945095,-2.5331749159095827,0.0,27.715401381691386,-2.9618769571588417,0.0,10.572,20.499999999999993,2.0884210526315807,0.0,0.0,0.0,5.444444444444445
8.46,77.71153473110115,-2.592630305504427,0.0,27.817326829582623,-2.972769479742209,0.0,10.572,20.499999999999993,2.0884210526315807,0.0,0.0,0.0,5.444444444444445
8.48,78.26991977665062,-2.6523035455509385,0.0,27.919252277473863,-2.983662002325576,0.0,10.572,20.499999999999993,2.0884210526315807,0.0,0.0,0.0,5.444444444444445
8.5,78.83034333115792,-2.712194636049117,0.0,28.021177725365103,-2.994554524908943,0.0,10.572,20.499999999999993,2.0884210526315807,0.0,0.0,0.0,5.444444444444445
8.52,79.39280539462305,-2.7723035769989632,0.0,28.123103173256343,-3.0054470474923103,0.0,10.572,20.499999999999993,2.0884210526315807,0.0,0.0,0.0,5.444444444444445
8.54,79.95730596704601,-2.8326303684004768,0.0,28.225028621147583,-3.016339570075677,0.0,10.572,20.499999999999993,2.0884210526315807,0.0,0.0,0.0,5.444444444444445
8.56,80.5238450484268,-2.8931750102536578,0.0,28.326954069038823,-3.027232092659044,0.0,10.572,20.499999999999993,2.0884210526315807,0.0,0.0,0.0,5.444444444444445
8.58,81.0924226387654,-2.953937502558506,0.0,28.42887951693006,-3.0381246152424115,0.0,10.572,20.499999999999993,2.0884210526315807,0.0,0.0,0.0,5.444444444444445
8.6,81.66303873806183,-3.0149178453150216,0.0,28.5308049648213,-3.0490171378257784,0.0,10.572,20.499999999999993,2.0884210526315807,0.0,0.0,0.0,5.444444444444445
8.62,82.23569334631608,-3.0761160385232045,0.0,28.63273041271254,-3.059909660409146,0.0,10.572,20.499999999999993,2.0884210526315807,0.0,0.0,0.0,5.444444444444445
8.64,82.81038646352816,-3.137532082183055,0.0,28.73465586060378,-3.0708021829925127,0.0,10.572,20.499999999999993,2.0884210526315807,0.0,0.0,0.0,5.444444444444445
8.66,83.38711808969806,-3.1991659762945726,0.0,28.83658130849502,-3.0816947055758797,0.0,10.572,20.499999999999993,2.0884210526315807,0.0,0.0,0.0,5.444444444444445
8.68,83.96588822482579,-3.2610177208577573,0.0,28.938506756386257,-3.092587228159247,0.0,10.572,20.499999999999993,2.0884210526315807,0.0,0.0,0.0,5.444444444444445
8.7,84.54669686891134,-3.3230873158726095,0.0,29.040432204277497,-3.103479750742614,0.0,10.572,20.499999999999993,2.0884210526315807,0.0,0.0,0.0,5.444444444444445
8.72,85.12954402195471,-3.385374761339129,0.0,29.142357652168737,-3.114372273325981,0.0,10.572,20.499999999999993,2.0884210526315807,0.0,0.0,0.0,5.444444444444445
8.74,85.71442968395591,-3.4478800572573163,0.0,29.244283100059977,-3.1252647959093482,0.0,10.572,20.499999999999993,2.0884210526315807,0.0,0.0,0.0,5.444444444444445
8.76,86.30135385491494,-3.5106032036271704,0.0,29.346208547951218,-3.136157318492715,0.0,10.572,20.499999999999993,2.0884210526315807,0.0,0.0,0.0,5.444444444444445
8.78,86.89031653483178,-3.573544200448692,0.0,29.448133995842458,-3.147049841076082,0.0,10.572,20.499999999999993,2.0884210526315807,0.0,0.0,0.0,5.444444444444445
8.8,87.48131772370645,-3.636703047721881,0.0,29.550059443733694,-3.1579423636594495,0.0,10.572,20.499999999999993,2.0884210526315807,0.0,0.0,0.0,5.444444444444445
8.82,88.07435742153895,-3.7000797454467373,0.0,29.651984891624934,-3.1688348862428164,0.0,10.572,20.499999999999993,2.0884210526315807,0.0,0.0,0.0,5.444444444444445
8.84,88.66943562832927,-3.7636742936232612,0.0,29.753910339516175,-3.1797274088261833,0.0,10.572,20.499999999999993,2.0884210526315807,0.0,0.0,0.0,5.444444444444445
8.86,89.26655234407741,-3.827486692251452,0.0,29.855835787407415,-3.1906199314095507,0.0,10.572,20.499999999999993,2.0884210526315807,0.0,0.0,0.0,5.444444444444445
8.88,89.86570756878338,-3.8915169413313104,0.0,29.95776123529866,-3.201512453992918,0.0,10.572,20.499999999999993,2.0884210526315807,0.0,0.0,0.0,5.444444444444445
8.9,90.46690130244717,-3.955765040862836,0.0,30.0596866831899,-3.2124049765762854,0.0,10.572,20.499999999999993,2.0884210526315807,0.0,0.0,0.0,5.444444444444445
8.92,91.0701335450688,-4.020230990846029,0.0,30.161612131081142,-3.223297499159653,0.0,10.572,20.499999999999993,2.0884210526315807,0.0,0.0,0.0,5.444444444444445
8.94,91.67540429664825,-4.084914791280889,0.0,30.263537578972386,-3.23419002174302,0.0,10.572,20.499999999999993,2.0884210526315807,0.0,0.0,0.0,5.444444444444445
8.96,92.28271355718553,-4.149816442167417,0.0,30.36546302686363,-3.2450825443263875,0.0,10.572,20.499999999999993,2.0884210526315807,0.0,0.0,0.0,5.444444444444445
8.98,92.89206132668063,-4.214935943505612,0.0,30.46738847475487,-3.2559750669097554,0.0,10.572,20.499999999999993,2.0884210526315807,0.0,0.0,0.0,5.444444444444445
9.0,93.50344760513356,-4.2802732952954745,0.0,30.569313922646113,-3.2668675894931227,0.0,10.572,20.499999999999993,2.0884210526315807,0.0,0.0,0.0,5.444444444444445
